method,p95_fct_ms,p99_fct_ms,mean_fct_ms,slo_violation_pct,link_utilization_pct,queue_occupancy_pct,packet_loss_pct,jain_fairness,route_churn_pct,intervention_success_pct,harmful_action_pct,rollback_pct,source_localization_pct,telemetry_overhead_pct,inference_latency_ms,counterfactual_mape_pct
ECMP,18.906426708421115,21.234103126439873,8.451142661426095,35.86666666666667,80.98877829432759,55.28603497033864,0.23193508859506842,0.8840735088261528,0.0,0.0,0.0,0.0,0.0,0.3570591064495743,0.20120210834526983,
Static-TE,16.831667845010347,23.29986684399776,6.71499469450302,26.52962962962963,78.70706956942914,49.52642372822606,0.14606359073455918,0.8899676744250976,3.052037037037037,82.05822725660005,17.94177274339995,0.0,82.05822725660005,0.5453065679783393,0.42937816847242893,
Correlation-ML,20.47781309511282,29.01818453498697,6.67689285876646,23.642592592592596,75.77053333758094,46.3098663052191,0.1694419047739144,0.8830084967118101,14.060925925925925,72.05375026548097,27.946249734519025,0.0,72.05375026548097,1.4561803125888118,2.9019173506885396,22.31256954102416
DRL,15.35730670251721,24.983573847574487,4.7422317339090325,14.021296296296297,68.8874204328024,36.745042422971096,0.0905329152420408,0.8891565191094939,17.88125,79.15554953633676,20.844450463663243,0.0,79.15554953633676,1.7735900363039792,4.798148878881766,18.701386331337126
Twin-No-Causal,8.364419802169023,15.02670802046148,2.870819176016144,4.7898148148148145,58.97513175275526,24.749003569769144,0.025055492325948173,0.902639053778532,11.520444444444443,85.76163264155691,10.301971664213811,3.936395694229279,85.16225820206287,2.1043043513593735,5.702925849688314,13.490136835727286
CausalNetTwin,4.504001166848073,8.194932653701468,2.0772431957117163,1.971296296296296,42.42160637568663,11.449682725887907,0.008648353299630629,0.9101275181205747,5.245925925925926,99.34845759564124,0.03374946809598414,0.6177929362627906,94.0349067630864,2.6462051579118993,7.193702616364942,7.780836734039781
